{
  "phase1": {
    "accuracy": [
      0.8002100586891174,
      0.8493697643280029,
      0.8760504126548767,
      0.882563054561615,
      0.8911764621734619,
      0.8894957900047302,
      0.8999999761581421,
      0.8943277597427368,
      0.9126050472259521,
      0.9071428775787354,
      0.9102941155433655,
      0.9130252003669739
    ],
    "val_accuracy": [
      0.8559523820877075,
      0.8880952596664429,
      0.8976190686225891,
      0.9142857193946838,
      0.9154762029647827,
      0.925000011920929,
      0.9273809790611267,
      0.9119047522544861,
      0.9273809790611267,
      0.9238095283508301,
      0.9238095283508301,
      0.913095235824585
    ],
    "loss": [
      0.5962949991226196,
      0.4054754376411438,
      0.3383825719356537,
      0.32114845514297485,
      0.2887064814567566,
      0.2836840748786926,
      0.2666241228580475,
      0.2665027976036072,
      0.24534086883068085,
      0.24762144684791565,
      0.2408149242401123,
      0.2276417464017868
    ],
    "val_loss": [
      0.4096345007419586,
      0.29885104298591614,
      0.2630251348018646,
      0.22932030260562897,
      0.22038716077804565,
      0.2136896401643753,
      0.20081651210784912,
      0.24022743105888367,
      0.2104424089193344,
      0.18308047950267792,
      0.18201911449432373,
      0.21612891554832458
    ]
  },
  "phase2": {
    "accuracy": [
      0.8930672407150269,
      0.9092437028884888,
      0.9081932902336121,
      0.9111344814300537,
      0.9151260256767273,
      0.9149159789085388,
      0.9107142686843872,
      0.923739492893219,
      0.9254201650619507,
      0.930672287940979,
      0.9287815093994141,
      0.9319327473640442,
      0.9275209903717041,
      0.9384453892707825,
      0.9334033727645874,
      0.9378151297569275,
      0.9319327473640442
    ],
    "val_accuracy": [
      0.9226190447807312,
      0.9285714030265808,
      0.9345238208770752,
      0.9309523701667786,
      0.9345238208770752,
      0.9285714030265808,
      0.9238095283508301,
      0.9321428537368774,
      0.9238095283508301,
      0.9404761791229248,
      0.9333333373069763,
      0.9273809790611267,
      0.9333333373069763,
      0.938095211982727,
      0.9309523701667786,
      0.9297618865966797,
      0.9357143044471741
    ],
    "loss": [
      0.2860862910747528,
      0.2518892288208008,
      0.2457018494606018,
      0.22881823778152466,
      0.2346094697713852,
      0.21457354724407196,
      0.21935175359249115,
      0.20274235308170319,
      0.21279190480709076,
      0.19573627412319183,
      0.18626227974891663,
      0.17969603836536407,
      0.19400139153003693,
      0.16816742718219757,
      0.18130266666412354,
      0.16989362239837646,
      0.18501536548137665
    ],
    "val_loss": [
      0.19108517467975616,
      0.20660538971424103,
      0.18791168928146362,
      0.18638551235198975,
      0.1930900365114212,
      0.18826457858085632,
      0.18624182045459747,
      0.16914643347263336,
      0.1915048360824585,
      0.15682893991470337,
      0.165980726480484,
      0.1718592345714569,
      0.17455114424228668,
      0.16489998996257782,
      0.173905149102211,
      0.16520701348781586,
      0.17039263248443604
    ]
  },
  "test_accuracy": 0.8993750214576721,
  "classes": [
    "glioma",
    "meningioma",
    "notumor",
    "pituitary"
  ],
  "model": "EfficientNetB3",
  "img_size": 300
}